Workbook

Sheet India Road Network
A1: Road_ID | B1: State_Name | C1: Road_Name | D1: Road_Type | E1: Route_Start_Location | F1: Route_End_Location | G1: Major_Cities_Covered | H1: Districts_Covered | I1: Region | J1: Total_Distance_km | K1: Estimated_Travel_Time_hours | L1: Average_Truck_Speed_kmph | M1: Fuel_Efficiency_km_per_litre | N1: Total_Fuel_Consumption_litres | O1: Fuel_Price_per_Litre | P1: Total_Fuel_Cost_INR | Q1: Road_Condition | R1: Toll_Applicable | S1: Category_Alphabetical_Index
A2: RD0001 | B2: Andhra Pradesh | C2: AP SH-1 Kurnool–Anantapur | D2: State Highway | E2: Kurnool | F2: Anantapur | G2: Kurnool, Anantapur | H2: Kurnool, Anantapur | I2: Rayalaseema | J2: 145 | K2: =J2/L2 -> 3.2222222 | L2: 45 | M2: 4 | N2: =J2/M2 -> 36.25 | O2: 94.56 | P2: =N2*O2 -> 3427.8 | Q2: Moderate | R2: No | S2: A
A3: RD0002 | B3: Andhra Pradesh | C3: AP SH-43 Nellore–Tirupati | D3: State Highway | E3: Nellore | F3: Tirupati | G3: Nellore, Gudur, Tirupati | H3: Nellore, Chittoor | I3: South AP | J3: 130 | K3: =J3/L3 -> 2.8888889 | L3: 45 | M3: 4 | N3: =J3/M3 -> 32.5 | O3: 94.56 | P3: =N3*O3 -> 3073.2 | Q3: Good | R3: No | S3: A
A4: RD0003 | B4: Andhra Pradesh | C4: AP SH-9 Tirupati–Chittoor | D4: State Highway | E4: Tirupati | F4: Chittoor | G4: Tirupati, Chittoor | H4: Chittoor | I4: Chittoor Region | J4: 65 | K4: =J4/L4 -> 1.4444444 | L4: 45 | M4: 4 | N4: =J4/M4 -> 16.25 | O4: 94.56 | P4: =N4*O4 -> 1536.6 | Q4: Good | R4: No | S4: A
A5: RD0004 | B5: Andhra Pradesh | C5: AP Urban Road – Vijayawada City | D5: Urban Road | E5: Benz Circle | F5: Krishnalanka | G5: Vijayawada | H5: Krishna | I5: Krishna Urban | J5: 18 | K5: =J5/L5 -> 0.9 | L5: 20 | M5: 3.5 | N5: =J5/M5 -> 5.1428571 | O5: 94.56 | P5: =N5*O5 -> 486.30857 | Q5: Good | R5: No | S5: A
A6: RD0005 | B6: Andhra Pradesh | C6: AP Urban Road – Visakhapatnam Beach Road | D6: Urban Road | E6: Rushikonda | F6: RK Beach | G6: Visakhapatnam | H6: Visakhapatnam | I6: Visakhapatnam Urban | J6: 12 | K6: =J6/L6 -> 0.6 | L6: 20 | M6: 3.5 | N6: =J6/M6 -> 3.4285714 | O6: 94.56 | P6: =N6*O6 -> 324.20571 | Q6: Good | R6: No | S6: A
A7: RD0006 | B7: Andhra Pradesh | C7: AP Village Road – Rayalaseema Hamlets | D7: Village Road | E7: Kadapa | F7: Proddatur | G7: Kadapa, Proddatur | H7: YSR Kadapa | I7: Rayalaseema | J7: 85 | K7: =J7/L7 -> 3.4 | L7: 25 | M7: 3 | N7: =J7/M7 -> 28.333333 | O7: 94.56 | P7: =N7*O7 -> 2679.2 | Q7: Poor | R7: No | S7: A
A8: RD0007 | B8: Andhra Pradesh | C8: MDR – Guntur–Narasaraopet | D8: Major District Road | E8: Guntur | F8: Narasaraopet | G8: Guntur, Narasaraopet | H8: Guntur | I8: Central AP | J8: 55 | K8: =J8/L8 -> 1.375 | L8: 40 | M8: 3.5 | N8: =J8/M8 -> 15.714286 | O8: 94.56 | P8: =N8*O8 -> 1485.9429 | Q8: Moderate | R8: No | S8: M
A9: RD0008 | B9: Andhra Pradesh | C9: MDR – Srikakulam–Palasa | D9: Major District Road | E9: Srikakulam | F9: Palasa | G9: Srikakulam, Palasa | H9: Srikakulam | I9: North Coastal AP | J9: 45 | K9: =J9/L9 -> 1.125 | L9: 40 | M9: 3.5 | N9: =J9/M9 -> 12.857143 | O9: 94.56 | P9: =N9*O9 -> 1215.7714 | Q9: Moderate | R9: No | S9: M
A10: RD0009 | B10: Andhra Pradesh | C10: NH-16 Vijayawada–Visakhapatnam | D10: National Highway | E10: Vijayawada | F10: Visakhapatnam | G10: Vijayawada, Eluru, Rajahmundry, Visakhapatnam | H10: Krishna, W Godavari, E Godavari, Visakhapatnam | I10: Coastal Andhra | J10: 352 | K10: =J10/L10 -> 7.04 | L10: 50 | M10: 4.5 | N10: =J10/M10 -> 78.222222 | O10: 94.56 | P10: =N10*O10 -> 7396.6933 | Q10: Good | R10: Yes | S10: N
A11: RD0010 | B11: Andhra Pradesh | C11: NH-16 Visakhapatnam–Srikakulam | D11: National Highway | E11: Visakhapatnam | F11: Srikakulam | G11: Visakhapatnam, Vizianagaram, Srikakulam | H11: Visakhapatnam, Vizianagaram, Srikakulam | I11: North Coastal AP | J11: 165 | K11: =J11/L11 -> 3.3 | L11: 50 | M11: 4.5 | N11: =J11/M11 -> 36.666667 | O11: 94.56 | P11: =N11*O11 -> 3467.2 | Q11: Good | R11: Yes | S11: N
A12: RD0011 | B12: Andhra Pradesh | C12: NH-40 Jagdalpur–Vizianagaram | D12: National Highway | E12: Jagdalpur | F12: Vizianagaram | G12: Jeypore, Vizianagaram | H12: Koraput, Vizianagaram | I12: North AP–Odisha | J12: 210 | K12: =J12/L12 -> 4.2 | L12: 50 | M12: 4.5 | N12: =J12/M12 -> 46.666667 | O12: 94.56 | P12: =N12*O12 -> 4412.8 | Q12: Moderate | R12: Yes | S12: N
A13: RD0012 | B13: Andhra Pradesh | C13: NH-44 Kurnool–Anantapur–Bengaluru | D13: National Highway | E13: Kurnool | F13: Bengaluru border | G13: Kurnool, Anantapur, Hindupur | H13: Kurnool, Anantapur | I13: Rayalaseema NH | J13: 220 | K13: =J13/L13 -> 4.4 | L13: 50 | M13: 4.5 | N13: =J13/M13 -> 48.888889 | O13: 94.56 | P13: =N13*O13 -> 4622.9333 | Q13: Good | R13: Yes | S13: N
... A501: RD0500 | B501: West Bengal | C501: WB Urban Road – Salt Lake Bypass | D501: Urban Road | E501: Ultadanga | F501: New Town | G501: Kolkata | H501: Kolkata | I501: East Kolkata | J501: 12 | K501: =J501/L501 -> 0.6 | L501: 20 | M501: 3.5 | N501: =J501/M501 -> 3.4285714 | O501: 94.56 | P501: =N501*O501 -> 324.20571 | Q501: Good | R501: No | S501: W

Sheet State Index
A1: State Name | B1: Road Count | C1: Total km | D1: Total Fuel Cost (₹) | E1: NH Count | F1: Expressway Count
A2: Andhra Pradesh | B2: 20 | C2: 2277 | D2: 51991.86 | E2: 7 | F2: 0
A3: Arunachal Pradesh | B3: 16 | C3: 4233 | D3: 93450.42 | E3: 5 | F3: 0
A4: Assam | B4: 18 | C4: 2077 | D4: 46883.75 | E4: 7 | F4: 0
A5: Bihar | B5: 19 | C5: 2392 | D5: 53519.83 | E5: 8 | F5: 0
A6: Chhattisgarh | B6: 17 | C6: 1742 | D6: 40426.65 | E6: 5 | F6: 1
A7: Goa | B7: 16 | C7: 616 | D7: 14770.12 | E7: 3 | F7: 0
A8: Gujarat | B8: 20 | C8: 2435 | D8: 55511.22 | E8: 4 | F8: 3
A9: Haryana | B9: 18 | C9: 1397 | D9: 31095.98 | E9: 5 | F9: 2
A10: Himachal Pradesh | B10: 17 | C10: 1915 | D10: 43983.53 | E10: 6 | F10: 0
A11: Jharkhand | B11: 17 | C11: 1445 | D11: 34075.37 | E11: 6 | F11: 0
A12: Karnataka | B12: 20 | C12: 2225 | D12: 49602.8 | E12: 5 | F12: 3
A13: Kerala | B13: 18 | C13: 1431 | D13: 32417.94 | E13: 5 | F13: 0
... A29: West Bengal | B29: 19 | C29: 1937 | D29: 43797.42 | E29: 6 | F29: 0
A30: TOTAL | B30: =SUM(B2:B29) -> 500 | C30: =SUM(C2:C29) -> 55833 | D30: =SUM(D2:D29) -> 1265694.7 | E30: =SUM(E2:E29) -> 146 | F30: =SUM(F2:F29) -> 24

Sheet Summary Dashboard
A1: 🇮🇳 INDIA ROAD NETWORK — LOGISTICS DASHBOARD
A3: DATASET OVERVIEW
A4: Total Roads in Dataset | B4: =COUNTA('India Road Network'!A2:A502) -> 500
A5: Total States Covered | B5: 28
A6: Total Distance (km) | B6: =SUM('India Road Network'!J2:J502) -> 55833
A7: Total Fuel Cost (₹) | B7: =SUM('India Road Network'!P2:P502) -> 1265694.8
A8: Fuel Price per Litre (₹) | B8: 94.56
A10: ROAD TYPE BREAKDOWN | C10: Total km by Type
A11: National Highways | B11: =COUNTIF('India Road Network'!D2:D502,"National Highway") -> 146 | C11: =SUMIF('India Road Network'!D2:D502,"National Highway",'India Road Network'!J2:J502) -> 33728
A12: Expressways | B12: =COUNTIF('India Road Network'!D2:D502,"Expressway") -> 24 | C12: =SUMIF('India Road Network'!D2:D502,"Expressway",'India Road Network'!J2:J502) -> 5161
A13: State Highways | B13: =COUNTIF('India Road Network'!D2:D502,"State Highway") -> 91 | C13: =SUMIF('India Road Network'!D2:D502,"State Highway",'India Road Network'!J2:J502) -> 7634
A14: Major District Roads | B14: =COUNTIF('India Road Network'!D2:D502,"Major District Road") -> 55 | C14: =SUMIF('India Road Network'!D2:D502,"Major District Road",'India Road Network'!J2:J502) -> 2190
A15: Village Roads | B15: =COUNTIF('India Road Network'!D2:D502,"Village Road") -> 116 | C15: =SUMIF('India Road Network'!D2:D502,"Village Road",'India Road Network'!J2:J502) -> 6075
A16: Urban Roads | B16: =COUNTIF('India Road Network'!D2:D502,"Urban Road") -> 68 | C16: =SUMIF('India Road Network'!D2:D502,"Urban Road",'India Road Network'!J2:J502) -> 1045
A19: ROAD CONDITION
A20: Good Condition Roads | B20: =COUNTIF('India Road Network'!Q2:Q502,"Good") -> 204
A21: Moderate Condition Roads | B21: =COUNTIF('India Road Network'!Q2:Q502,"Moderate") -> 173
A22: Poor Condition Roads | B22: =COUNTIF('India Road Network'!Q2:Q502,"Poor") -> 123
A24: TOLL INFORMATION
A25: Toll Roads | B25: =COUNTIF('India Road Network'!R2:R502,"Yes") -> 144
A26: Non-Toll Roads | B26: =COUNTIF('India Road Network'!R2:R502,"No") -> 356

Sheet Legend & Notes
A1: LEGEND & DATA NOTES
A3: Road Type | B3: Color Code | C3: Description
A4: National Highway | B4: ■ Sample | C4: Major intercity/interstate highways (NH prefix)
A5: Expressway | B5: ■ Sample | C5: High-speed limited access roads, tolled
A6: State Highway | B6: ■ Sample | C6: State-managed arterial roads (SH prefix)
A7: Major District Road | B7: ■ Sample | C7: District-level connector roads (MDR)
A8: Village Road | B8: ■ Sample | C8: Rural/panchayat roads for last-mile connectivity
A9: Urban Road | B9: ■ Sample | C9: City internal roads in metro/urban areas
A11: CALCULATION FORMULAS
A12: Travel Time (hrs) | B12: Distance / Speed | C12: Speed varies: NH=50, Expressway=80, SH=45, MDR=40, Village=25, Urban=20 kmph
A13: Fuel Consumption (L) | B13: Distance / Fuel Efficiency | C13: Efficiency: NH=4.5, Exp=5.0, SH=4.0, MDR=3.5, Village=3.0, Urban=3.5 km/L
A14: Total Fuel Cost (INR) | B14: Fuel Consumption x 94.56 | C14: Fuel price fixed at 94.56/litre (Indian diesel average)
A16: DATA SOURCES & NOTES
A17: • Highway numbers and routes based on NHAI and MoRTH data
A18: • Distances are approximate based on road network maps
A19: • All data is for truck logistics planning (12–18 tonne trucks)
A20: • Fuel price: ₹94.56/litre (India diesel, 2024 avg)
A21: • States processed sequentially as per Indian state order
A22: • Village roads include Pradhan Mantri Gram Sadak Yojana (PMGSY) routes
A23: • Urban roads cover major metro and tier-2 city corridors
